source_file,filename,question,answer
demo_ocr_output.parquet,2009_maths_2.pdf,"21. A line with positive direction cosines passes through the point P(2, -1, 2) and makes equal angles with the coordinate axes. The line meets the plane 2x + y + z = 9 at point Q . The length of the line segment PQ equals (A) 1 (B) \sqrt{2} (C) \sqrt{3} (D) 2",(A)
demo_ocr_output.parquet,2009_maths_2.pdf,"22. The normal at a point P on the ellipse x^2 + 4y^2 = 16 meets the x -axis at Q . If M is the mid point of the line segment PQ , then the locus of M intersects the latus rectums of the given ellipse at the points (A) \left(\pm \frac{3\sqrt{5}}{2}, \pm \frac{2}{7}\right) (B) \left(\pm \frac{3\sqrt{5}}{2}, \pm \frac{\sqrt{19}}{4}\right) (C) \left(\pm 2\sqrt{3}, \pm \frac{1}{7}\right) (D) \left(\pm 2\sqrt{3}, \pm \frac{4\sqrt{3}}{7}\right)",(B)
demo_ocr_output.parquet,2009_maths_2.pdf,"23. The locus of the orthocentre of the triangle formed by the lines (1+p)x - py + p(1+p) = 0, (1+q)x - qy + q(1+q) = 0, and y = 0 , where p \neq q , is (A) a hyperbola (B) a parabola (C) an ellipse (D) a straight line",(C)
demo_ocr_output.parquet,2009_maths_2.pdf,"24. If I_n = \int_{-\pi}^{\pi} \frac{\sin nx}{(1+\pi^x)\sin x} dx, \quad n = 0, 1, 2, \dots, then (A) I_n = I_{n+2} (B) \sum_{m=1}^{10} \sum_{n=1}^{10} I_{2m+n} = 10\pi (C) \sum_{m=1}^{10} I_{2m} = 0 (D) I_n = I_{n+1}",(A)
demo_ocr_output.parquet,2009_maths_2.pdf,"25. An ellipse intersects the hyperbola 2x^2 - 2y^2 = 1 orthogonally. The eccentricity of the ellipse is reciprocal of that of the hyperbola. If the axes of the ellipse are along the coordinate axes, then (A) Equation of ellipse is x^2 + 2y^2 = 2 (B) The foci of ellipse are (\pm 1, 0) (C) Equation of ellipse is x^2 + 2y^2 = 4 (D) The foci of ellipse are (\pm \sqrt{2}, 0)",(B)
demo_ocr_output.parquet,2009_maths_2.pdf,"26. For the function f(x) = x \cos \frac{1}{x}, \quad x \geq 1, (A) for at least one x in the interval [1, \infty) , f(x+2) - f(x) < 2 (B) \lim_{x \rightarrow \infty} f'(x) = 1 (C) for all x in the interval [1, \infty) , f(x+2) - f(x) > 2 (D) f'(x) is strictly decreasing in the interval [1, \infty)",(C)
demo_ocr_output.parquet,2009_maths_2.pdf,"27. The tangent PT and the normal PN to the parabola y^2 = 4ax at a point P on it meet its axis at points T and N , respectively. The locus of the centroid of the triangle PTN is a parabola whose (A) vertex is \left(\frac{2a}{3}, 0\right) (B) directrix is x = 0 (C) latus rectum is \frac{2a}{3} (D) focus is (a, 0)",(D)
demo_ocr_output.parquet,2009_maths_2.pdf,"28. For 0 < \theta < \frac{\pi}{2} , the solution(s) of \sum_{m=1}^6 \csc \left( \theta + \frac{(m-1)\pi}{4} \right) \csc \left( \theta + \frac{m\pi}{4} \right) = 4\sqrt{2} is(are) (A) \frac{\pi}{4} (B) \frac{\pi}{6} (C) \frac{\pi}{12} (D) \frac{5\pi}{12}",
demo_ocr_output.parquet,2009_maths_2.pdf,"29. Match the statements/expressions given in Column I with the values given in Column II .
Column I
(A) Root(s) of the equation 2 \sin^2 \theta + \sin^2 2\theta = 2
(B) Points of discontinuity of the function f(x) = \left[ \frac{6x}{\pi} \right] \cos \left[ \frac{3x}{\pi} \right] , where \lfloor y \rfloor denotes the largest integer less than or equal to y
(C) Volume of the parallelepiped with its edges represented by the vectors \hat{i} + \hat{j} , \hat{i} + 2\hat{j} and \hat{i} + \hat{j} + \pi \hat{k}
(D) Angle between vectors \vec{a} and \vec{b} where \vec{a} , \vec{b} and \vec{c} are unit vectors satisfying \vec{a} + \vec{b} + \sqrt{3} \vec{c} = \vec{0}
Column II
(p) \frac{\pi}{6}
(q) \frac{\pi}{4}
(r) \frac{\pi}{3}
(s) \frac{\pi}{2}
(t) \pi",
demo_ocr_output.parquet,2009_maths_2.pdf,"30. Match the statements/expressions given in Column I with the values given in Column II .
Column I
(A) The number of solutions of the equation xe^{\sin x} - \cos x = 0 in the interval (0, \frac{\pi}{2})
(B) Value(s) of k for which the planes kx + 4y + z = 0 , 4x + ky + 2z = 0 and 2x + 2y + z = 0 intersect in a straight line
(C) Value(s) of k for which |x-1| + |x-2| + |x+1| + |x+2| = 4k has integer solution(s)
(D) If y' = y + 1 \text{ and } y(0) = 1, then value(s) of y(\ln 2)
Column II
(p) 1
(q) 2
(r) 3
(s) 4
(t) 5",A (p) (q) (r) (s) (t) B (p) (q) (s) C (p) (q) (s) D (p) (q) (s) (t)
demo_ocr_output.parquet,2009_maths_2.pdf,31. The maximum value of the function f(x) = 2x^3 - 15x^2 + 36x - 48 on the set A = \{x \mid x^2 + 20 \leq 9x\} is,
demo_ocr_output.parquet,2009_maths_2.pdf,"32. Let (x, y, z) be points with integer coordinates satisfying the system of homogeneous equations: \begin{cases} 3x - y - z = 0 \\ -3x + z = 0 \\ -3x + 2y + z = 0. \end{cases} Then the number of such points for which x^2 + y^2 + z^2 \leq 100 is",
demo_ocr_output.parquet,2009_maths_2.pdf,"33. Let ABC and ABC' be two non-congruent triangles with sides AB = 4 , AC = AC' = 2\sqrt{2} and angle B = 30^\circ . The absolute value of the difference between the areas of these triangles is",
demo_ocr_output.parquet,2009_maths_2.pdf,"34. Let p(x) be a polynomial of degree 4 having extremum at x = 1, 2 and \lim_{x \rightarrow 0} \left( 1 + \frac{p(x)}{x^2} \right) = 2. Then the value of p(2) is",
demo_ocr_output.parquet,2009_maths_2.pdf,35. Let f: \mathbb{R} \rightarrow \mathbb{R} be a continuous function which satisfies f(x) = \int_0^x f(t) dt. Then the value of f(\ln 5) is,
demo_ocr_output.parquet,2009_maths_2.pdf,"36. The centres of two circles C_1 and C_2 each of unit radius are at a distance of 6 units from each other. Let P be the mid point of the line segment joining the centres of C_1 and C_2 and C be a circle touching circles C_1 and C_2 externally. If a common tangent to C_1 and C passing through P is also a common tangent to C_2 and C , then the radius of the circle C is",
demo_ocr_output.parquet,2009_maths_2.pdf,"37. The smallest value of k , for which both the roots of the equation x^2 - 8kx + 16(k^2 - k + 1) = 0 are real, distinct and have values at least 4, is",
demo_ocr_output.parquet,2009_maths_2.pdf,"38. If the function f(x) = x^3 + e^{x/2} and g(x) = f^{-1}(x) , then the value of g'(1) is",
demo_ocr_output.parquet,2019_maths_1.pdf,"Q.6 At 143 K, the reaction of XeF\(_4\) with O\(_2\)F\(_2\) produces xenon compound Y. The total number of lone Pair(s) of electrons present on the whole molecule of Y is .....",19.00
demo_ocr_output.parquet,2019_maths_1.pdf,"Q.1 Let $M = \begin{bmatrix} \sin^4 \theta & -1 - \sin^2 \theta \\ 1 + \cos^2 \theta & \cos^4 \theta \end{bmatrix} = \alpha I + \beta M^{-1}$ , where $\alpha = \alpha(\theta)$ and $\beta = \beta(\theta)$ are real numbers, and $I$ is the $2 \times 2$ identity matrix. If $\alpha^*$ is the minimum of the set $\{\alpha(\theta) : \theta \in [0, 2\pi)\}$ and $\beta^*$ is the minimum of the set $\{\beta(\theta) : \theta \in [0, 2\pi)\}$ , then the value of $\alpha^* + \beta^*$ is

A. $-\frac{37}{16}$

B. $-\frac{31}{16}$

C. $-\frac{17}{16}$

D. $-\frac{29}{16}$",D
demo_ocr_output.parquet,2019_maths_1.pdf,"Q.2 The area of the region $\{(x, y) : xy \leq 8, 1 \leq y \leq x^2\}$ is A. $16 \log_e 2 - 6$ B. $8 \log_e 2 - \frac{14}{3}$ C. $16 \log_e 2 - \frac{14}{3}$ D. $8 \log_e 2 - \frac{7}{3}$",C
demo_ocr_output.parquet,2019_maths_1.pdf,"Q.3 Let $S$ be the set of all complex numbers $z$ satisfying $|z - 2 + i| \geq \sqrt{5}$. If the complex number $z_0$ is such that $\frac{1}{|z_0 - 1|}$ is the maximum of the set $\left\{ \frac{1}{|z - 1|} : z \in S \right\}$ , then the principal argument of $\frac{4 - z_0 - \overline{z_0}}{z_0 - \overline{z_0} + 2i}$ is

A. $\frac{3\pi}{4}$

B. $\frac{\pi}{4}$

C. $-\frac{\pi}{2}$

D. $\frac{\pi}{2}$",C
demo_ocr_output.parquet,2019_maths_1.pdf,"Q.4 A line $y = mx + 1$ intersects the circle $(x - 3)^2 + (y + 2)^2 = 25$ at the points $P$ and $Q$. If the midpoint of the line segment $PQ$ has $x$‑coordinate $-\frac{3}{5}$ , then which one of the following options is correct?

A. $4 \leq m < 6$

B. $-3 \leq m < -1$

C. $2 \leq m < 4$

D. $6 \leq m < 8$",C
demo_ocr_output.parquet,2019_maths_1.pdf,"Q.1 Let $\alpha$ and $\beta$ be the roots of $x^2 - x - 1 = 0$, with $\alpha > \beta$. For all positive integers $n$, define $a_n = \frac{\alpha^n - \beta^n}{\alpha - \beta},\; n \geq 1$, $b_1 = 1$ and $b_n = a_{n-1} + a_{n+1},\; n \geq 2$. Then which of the following options is/are correct?

A. $\displaystyle \sum_{n=1}^{\infty} \frac{b_n}{10^n} = \frac{8}{89}$

B. $b_n = \alpha^n + \beta^n$ for all $n \geq 1$

C. $a_1 + a_2 + a_3 + \dots + a_n = a_{n+2} - 1$ for all $n \geq 1$

D. $\displaystyle \sum_{n=1}^{\infty} \frac{a_n}{10^n} = \frac{10}{89}$","B, C, D"
demo_ocr_output.parquet,2019_maths_1.pdf,"Q.2 In a non‑right‑angled triangle $\triangle PQR$, let $p, q, r$ denote the lengths of the sides opposite to the angles at $P, Q, R$ respectively. The median from $R$ meets the side $PQ$ at $S$, the perpendicular from $P$ meets the side $QR$ at $E$, and $RS$ and $PE$ intersect at $O$. If $p = \sqrt{3}$, $q = 1$, and the radius of the circumcircle of $\triangle PQR$ equals $1$, then which of the following options is/are correct?

A. length of $OE = \frac{1}{6}$

B. Radius of incircle of $\triangle PQR = \frac{\sqrt{3}}{2}(2-\sqrt{3})$

C. Length of $RS = \frac{\sqrt{7}}{2}$

D. Area of $\triangle SOE = \frac{\sqrt{3}}{12}$","A, B, C"
demo_ocr_output.parquet,2019_maths_1.pdf,"Q.3 Let $\Gamma$ denote a curve $y = y(x)$ which is in the first quadrant and let the point $(1, 0)$ lie on it. Let the tangent to $\Gamma$ at a point $P$ intersect the $y$‑axis at $Y_P$. If $PY_P$ has length $1$ for each point $P$ on $\Gamma$, then which of the following option is/are correct?

A. $y = \log_e \left( \frac{1 + \sqrt{1 - x^2}}{x} \right) - \sqrt{1 - x^2}$

B. $x y' + \sqrt{1 - x^2} = 0$

C. $y = -\log_e \left( \frac{1 + \sqrt{1 - x^2}}{x} \right) + \sqrt{1 - x^2}$

D. $x y' - \sqrt{1 - x^2} = 0$","A, B"
demo_ocr_output.parquet,2019_maths_1.pdf,"Q.4 Let $M = \begin{bmatrix} 0 & 1 & a \\ 1 & 2 & 3 \\ 3 & b & 1 \end{bmatrix}$ and $\operatorname{adj} M = \begin{bmatrix} -1 & 1 & -1 \\ 8 & -6 & 2 \\ -5 & 3 & -1 \end{bmatrix}$ where $a$ and $b$ are real numbers. Which of the following options is/are correct?

A. $(\operatorname{adj} M)^{-1} + \operatorname{adj} M^{-1} = -M$

B. If $M \begin{bmatrix} \alpha \\ \beta \\ \gamma \end{bmatrix} = \begin{bmatrix} 1 \\ 2 \\ 3 \end{bmatrix}$, then $\alpha - \beta + \gamma = 3$

C. $\det(\operatorname{adj} M^2) = 81$

D. $a + b = 3$","A, B, D"
demo_ocr_output.parquet,2019_maths_1.pdf,"Q.5 Define the collections $\{E_1, E_2, E_3, \dots\}$ of ellipses and $\{R_1, R_2, R_3, \dots\}$ of rectangles as follows:

$E_1 : \frac{x^2}{9} + \frac{y^2}{4} = 1$;

$R_1$ : rectangle of largest area, with sides parallel to the axes, inscribed in $E_1$;

$E_n$ : ellipse $\frac{x^2}{a_n^2} + \frac{y^2}{b_n^2} = 1$ of largest area inscribed in $R_{n-1}$, $n > 1$;

$R_n$ : rectangle of largest area, with sides parallel to the axes, inscribed in $E_n$, $n > 1$.

Then which of the following options is/are correct?

A. $\displaystyle \sum_{n=1}^{N} (\text{area of } R_n) < 24$, for each positive integer $N$

B. The distance of a focus from the centre in $E_9$ is $\frac{\sqrt{5}}{32}$

C. The eccentricities of $E_{18}$ and $E_{19}$ are NOT equal

D. The length of latus rectum of $E_9$ is $\frac{1}{6}$",
demo_ocr_output.parquet,2019_maths_1.pdf,"Q.6 Let $f:\mathbb{R}\rightarrow\mathbb{R}$ be given by
\[\begin{cases}
 x^5 + 5x^4 + 10x^3 + 10x^2 + 3x + 1, & x < 0; \\
 x^2 - x + 1, & 0 \le x < 1; \\
 \frac{2}{3}x^3 - 4x^2 + 7x - \frac{8}{3}, & 1 \le x < 3; \\
 (x-2)\log_e(x-2) - x + \frac{10}{3}, & x \ge 3.
\end{cases}\]
Then which of the following options is/are correct?

A. $f'$ has a local maximum at $x = 1$

B. $f'$ is NOT differentiable at $x = 1$

C. $f$ is onto

D. $f$ is increasing on $(-\infty, 0)$","A, B, C"
demo_ocr_output.parquet,2019_maths_1.pdf,"Q.7 Let $L_1$ and $L_2$ denote the lines $\vec r = \hat i + \lambda(-\hat i + 2\hat j + 2\hat k),\; \lambda \in \mathbb{R}$ and $\vec r = \mu(2\hat i - \hat j + 2\hat k),\; \mu \in \mathbb{R}$ respectively. If $L_3$ is a line which is perpendicular to both $L_1$ and $L_2$ and cuts both of them, then which of the following options describe(s) $L_3$?

A. $\vec r = \frac{2}{9}(4\hat i + \hat j + \hat k) + t(2\hat i + 2\hat j - \hat k),\; t \in \mathbb{R}$

B. $\vec r = \frac{1}{3}(2\hat i + \hat k) + t(2\hat i + 2\hat j - \hat k),\; t \in \mathbb{R}$

C. $\vec r = \frac{2}{9}(2\hat i - \hat j + 2\hat k) + t(2\hat i + 2\hat j - \hat k),\; t \in \mathbb{R}$

D. $\vec r = t(2\hat i + 2\hat j - \hat k),\; t \in \mathbb{R}$","A, B, C"
demo_ocr_output.parquet,2019_maths_1.pdf,"Q.8 There are three bags $B_1, B_2$ and $B_3$. The bag $B_1$ contains 5 red and 5 green balls, $B_2$ contains 3 red and 5 green balls and $B_3$ contains 5 red and 3 green balls. Bags $B_1, B_2$ and $B_3$ have probabilities $\frac{3}{10}, \frac{3}{10}$ and $\frac{4}{10}$ respectively of being chosen. A bag is selected at random and a ball is chosen at random from the bag. Then which of the following options is/are correct?

A. Probability that the chosen ball is green equals $\frac{39}{80}$

B. Probability that the chosen ball is green, given that the selected bag is $B_3$, equals $\frac{3}{8}$

C. Probability that the selected bag is $B_3$ and the chosen ball is green equals $\frac{3}{10}$

D. Probability that the selected bag is $B_3$, given that the chosen ball is green, equals $\frac{5}{13}$","A, B"
demo_ocr_output.parquet,2019_maths_1.pdf,"Q.1 Let $\omega \neq 1$ be a cube root of unity. Then the minimum of the set $\{ |a + b\omega + c\omega^2|^2 : a, b, c \text{ distinct non‑zero integers} \}$ equals _____",3.00
demo_ocr_output.parquet,2019_maths_1.pdf,Q.2 If $I = \frac{2}{\pi} \int_{-\pi/4}^{\pi/4} \frac{dx}{(1 + e^{\sin x})(2 - \cos 2x)}$ then $27 I^2$ equals _____,4.00
demo_ocr_output.parquet,2019_maths_1.pdf,"Q.3 Let $S$ be the sample space of all $3 \times 3$ matrices with entries from the set $\{0, 1\}$. Let the events $E_1$ and $E_2$ be given by $E_1 = \{A \in S : \det A = 0\}$ and $E_2 = \{A \in S : \text{sum of entries of } A \text{ is } 7\}$. If a matrix is chosen at random from $S$, then the conditional probability $P(E_1 \mid E_2)$ equals _____",0.50
demo_ocr_output.parquet,2019_maths_1.pdf,"Q.4 Let the point $B$ be the reflection of the point $A(2, 3)$ with respect to line $8x - 6y - 23 = 0$. Let $\Gamma_A$ and $\Gamma_B$ be circles of radii $2$ and $1$ with centres $A$ and $B$ respectively. Let $T$ be a common tangent to the circles $\Gamma_A$ and $\Gamma_B$ such that both the circles are on the same side of $T$. If $C$ is the point of intersection of $T$ and the line passing through $A$ and $B$, then the length of the line segment $AC$ is _____",10.00
demo_ocr_output.parquet,2019_maths_1.pdf,Q.5 Let $AP(a; d)$ denote the set of all the terms of an infinite arithmetic progression with first term $a$ and common difference $d > 0$. If $AP(1; 3) \cap AP(2; 5) \cap AP(3; 7) = AP(a; d)$ then $a + d$ equals _____,157.00
demo_ocr_output.parquet,2019_maths_1.pdf,"Q.6 Three lines are given by $\vec r = \lambda \hat i$, $\lambda \in \mathbb{R}$ , $\vec r = \mu (\hat i + \hat j)$, $\mu \in \mathbb{R}$ and $\vec r = \nu (\hat i + \hat j + \hat k)$, $\nu \in \mathbb{R}$. Let the lines cut the plane $x + y + z = 1$ at the points $A, B$ and $C$ respectively. If the area of the triangle $ABC$ is $\Delta$ then the value of $(6\Delta)^2$ equals _____",0.75
demo_ocr_output.parquet,2024_maths_1.pdf,"Q.1 Let f(x) be a continuously differentiable function on the interval (0, ∞) such that f(1) = 2 and \lim_{t \rightarrow x} \frac{t^{10}f(x) - x^{10}f(t)}{t^9 - x^9} = 1 for each x > 0 . Then, for all x > 0 , f(x) is equal to (A) \frac{31}{11x} - \frac{9}{11}x^{10} (B) \frac{9}{11x} + \frac{31}{11}x^{10} (C) \frac{9}{11x} + \frac{31}{11}x^{10} (D) \frac{13}{11x} + \frac{9}{11}x^{10}",B
demo_ocr_output.parquet,2024_maths_1.pdf,"Q.2 A student appears for a quiz consisting of only true-false type questions and answers all the questions. The student knows the answers of some questions and guesses the answers for the remaining questions. Whenever the student knows the answer of a question, he gives the correct answer. Assume that the probability of the student giving the correct answer for a question, given that he has guess it, is \frac{1}{2} . Also assume that the probability of the answer for a question being guessed, given that the student's answer is correct, is \frac{1}{6} . Then the probability that the student knows the answer of a randomly chosen question is (A) \frac{1}{12} (B) \frac{1}{7} (C) \frac{5}{7} (D) \frac{5}{12}",C
demo_ocr_output.parquet,2024_maths_1.pdf,Q.3 Let \frac{\pi}{2} < x < \pi be such that \cot x = \frac{-5}{\sqrt{11}} . Then \left(\sin \frac{11x}{2}\right)(\sin 6x - \cos 6x) + \left(\cos \frac{11x}{2}\right)(\sin 6x + \cos 6x) is equal to (A) \frac{\sqrt{11}-1}{2\sqrt{3}} (B) \frac{\sqrt{11}+1}{2\sqrt{3}} (C) \frac{\sqrt{11}+1}{3\sqrt{2}} (D) \frac{\sqrt{11}-1}{3\sqrt{2}},B
demo_ocr_output.parquet,2024_maths_1.pdf,"Q.4 Consider the ellipse \frac{x^2}{9} + \frac{y^2}{4} = 1 . Let S(p, q) be a point in the first quadrant such that \frac{p^2}{9} + \frac{q^2}{4} > 1 . Two tangents are drawn from S to the ellipse, of which one meets the ellipse at one end point of the minor axis and the other meets the ellipse at a point T in the fourth quadrant. Let R be the vertex of the ellipse with positive x -coordinate and O be the centre of the ellipse. If the area of the triangle \Delta ORT is \frac{3}{2} , then which of the following options is correct ? (A) q = 2, p = 3\sqrt{3} (B) q = 2, p = 4\sqrt{3} (C) q = 1, p = 5\sqrt{3} (D) q = 1, p = 6\sqrt{3}",A
demo_ocr_output.parquet,2024_maths_1.pdf,"*Q.5 Let $S = \{a + b\sqrt{2} : a, b \in \mathbb{Z}\}$, $T_1 = \{(-1 + \sqrt{2})^n : n \in \mathbb{Z}\}$, and $T_2 = \{(1 + \sqrt{2})^n : n \in \mathbb{N}\}$. Then which of the following statements is(are) TRUE ? (A) $Z \cup T_1 \cup T_2 \subset S$ (B) $T_1 \cap \left(0, \frac{1}{2024}\right) = \phi$, where $\phi$ denotes the empty set (C) $T_2 \cap (2024, \infty) \ne \phi$ (D) For any given $a, b \in \mathbb{Z}$, $\cos(\pi(a + b\sqrt{2})) + i\sin(\pi(a + b\sqrt{2})) \in \mathbb{Z}$ if and only if $b = 0$, where $i = \sqrt{-1}$","A, C, D"
demo_ocr_output.parquet,2024_maths_1.pdf,"Q.6 Let R 2 denote R \times R. Let S = { (a, b, c) : a, b, c \in R and ax 2 + 2bxy + cy 2 > 0 for all (x, y) \in R 2 \minus {(0, 0)} } Then which of the following statements is (are) TRUE? (A) \left(2, \frac{7}{2}, 6\right) \in S (B) If \left(3, b, \frac{1}{12}\right) \in S , then |2b| < 1 (C) For any given (a, b, c) \in S, then the system of linear equations ax + by = 1 bx + cy = -1 has a unique solution. (D) For any given (a, b, c) \in S, then the system of linear equations (a + 1)x + by = 0 bx + (c + 1)y = 0 has a unique solution.","B, C, D"
demo_ocr_output.parquet,2024_maths_1.pdf,"Q.7 Let R 3 denote the three dimensional space. Take two points P = (1, 2, 3) and Q = (4, 2, 7). Let dist(X, Y) denote the distance between two points X and Y in R 3 . Let S = {X \in R 3 : (dist(X, P)) 2 - (dist(X, Q)) 2 = 50} and T = {Y \in R 3 : (dist(Y, Q)) 2 - (dist(Y, P)) 2 = 50}. Then which of the following statements is(are) TRUE ? (A) There is a triangle whose area is 1 and all of whose vertices are from S. (B) There are two distinct points L and M in T such that each point on the line segments LM is also in T. (C) There are infinitely many rectangles of perimeter 48, two of whose vertices are from S and the other two vertices are from T. (D) There is a square of perimeter 48, two of whose vertices are from S and the other two vertices are from T.","A, B, C, D"
demo_ocr_output.parquet,2024_maths_1.pdf,"*Q.8 Let a = 3\sqrt{2} and b = \frac{1}{5^{1/6}\sqrt{6}} . If x, y \in \mathbb{R} are such that 3x + 2y = \log_a(18)^{5/4} \text{ and } 2x - y = \log_b(\sqrt{1080}) then 4x + 5y is equal to _____ .",8
demo_ocr_output.parquet,2024_maths_1.pdf,"Q.9 Let f(x) = x^4 + ax^3 + bx^2 + c be a polynomial with real coefficients such that f(1) = -9 . Suppose that i\sqrt{3} is a root of the equation 4x^3 + 3ax^2 + 2bx = 0 , where i = \sqrt{-1} . If \alpha_1, \alpha_2, \alpha_3, and \alpha_4 are all the roots of the equation f(x) = 0 , then |\alpha_1|^2 + |\alpha_2|^2 + |\alpha_3|^2 + |\alpha_4|^2 is equal to _____ .",20
demo_ocr_output.parquet,2024_maths_1.pdf,"Q.10 Let $S = \{ A = \begin{pmatrix} 0 & 1 & c \\ 1 & a & d \\ 1 & b & e \end{pmatrix} : a, b, c, d, e \in \{0, 1\} \text{ and } |A| \in \{-1, 1\} \}$, where $|A|$ denotes the determinant of $A$. Then the number of elements in $S$ is _____.",16
demo_ocr_output.parquet,2024_maths_1.pdf,"Q.11 A group of 9 students $s_1, s_2, \dots, s_9$ is to be divided to form three teams $X, Y$ and $Z$ of sizes 2, 3 and 4 respectively. Suppose that $s_1$ cannot be selected for the team $X$, and $s_2$ cannot be selected for team $Y$. Then the number of ways to form such teams, is _____.",665
demo_ocr_output.parquet,2024_maths_1.pdf,"Q.12 Let \vec{OP} = \frac{\alpha-1}{\alpha} \hat{i} + \hat{j} + \hat{k}, \vec{OQ} = \hat{i} + \frac{\beta-1}{\beta} \hat{j} + \hat{k} and \vec{OR} = \hat{i} + \hat{j} + \frac{1}{2} \hat{k} be three vectors, where $\alpha, \beta \in \mathbb{R} - \{0\}$ and O denotes the origin. If $(\vec{OP} \times \vec{OQ}) \cdot \vec{OR} = 0$ and the point $(\alpha, \beta, 2)$ lies on the plane $3x + 3y - z + l = 0$, then the value of $l$ is _____.",5
demo_ocr_output.parquet,2024_maths_1.pdf,"Q.13 Let X be a random variable, and let P(X = x) denote the probability that X takes the values x. Suppose that the points (x, P(X = x)), x = 0, 1, 2, 3, 4, lie on a fixed straight line in the xy-plane, and P(X = x) = 0 for all x \in R – {0, 1, 2, 3, 4}. If the mean of X is \frac{5}{2} , and the variance of X is \alpha , then the value of 24\alpha is ____ .",42
demo_ocr_output.parquet,2024_maths_1.pdf,"Q.14 Let \alpha and \beta be the distinct roots of the equation x^2 + x – 1 = 0. Consider the set T = {1, \alpha, \beta}. For a 3 \times 3 matrix M = (a_{ij})_{3\times3} , define R_i = a_{i1} + a_{i2} + a_{i3} and C_j = a_{1j} + a_{2j} + a_{3j} for i = 1, 2, 3 and j = 1, 2, 3. Match each entry in List-I to the correct entries in List-II. List – I List – II (P) The number of matrices M = (a_{ij})_{3\times3} with all entries in T such that R_i = C_j = 0 for all i, j, is (1) 1 (Q) The number of symmetric matrices M = (a_{ij})_{3\times3} with all entries in T such that C_j = 0 for all j, is (2) 12 (R) Let M = (a_{ij})_{3\times3} be a skew symmetric matrix such that a_{ij} \in T for i > j. Then the number of elements in the set \left\{ \begin{pmatrix} x \\ y \\ z \end{pmatrix} : x, y, z \in R, M \begin{pmatrix} x \\ y \\ z \end{pmatrix} = \begin{pmatrix} a_{12} \\ 0 \\ -a_{23} \end{pmatrix} \right\} is (3) infinite (S) Let M = (a_{ij})_{3\times3} be a matrix with all entries in T such that R_i = 0 for all i. Then the absolute value of determinant of M is (4) (5) 6 0",C
demo_ocr_output.parquet,2024_maths_1.pdf,"*Q.15 Let the straight line y = 2x touch a circle with centre (0, \alpha), \alpha > 0, and radius r at a point A_1 . Let B_1 be the point on the circle such the line segment A_1 B_1 is a diameter of the circle. Let \alpha + r = 5 + \sqrt{5}. *. Match each entry in List-I to the correct entries in List-II. List – I List – II (P) \alpha equals (1) (-2, 4) (Q) r equals (2) \sqrt{5} (R) A_1 equals (3) (-2, 6) (S) B_1 equals (4) 5 (5) (2, 4) The correct option is: (A) (P) \rightarrow (4) (Q) \rightarrow (2) (R) \rightarrow (1) (S) \rightarrow (3) (B) (P) \rightarrow (2) (Q) \rightarrow (4) (R) \rightarrow (1) (S) \rightarrow (3) (C) (P) \rightarrow (4) (Q) \rightarrow (2) (R) \rightarrow (5) (S) \rightarrow (3) (D) (P) \rightarrow (2) (Q) \rightarrow (4) (R) \rightarrow (3) (S) \rightarrow (5)",C
demo_ocr_output.parquet,2024_maths_1.pdf,"Q.16 Let \gamma \in \mathbb{R} be such that the lines L_1 : \frac{x+11}{1} = \frac{y+21}{2} = \frac{z+29}{3} and L_2 : \frac{x+16}{3} = \frac{y+11}{2} = \frac{z+4}{\gamma} intersect. Let R_1 be the point of intersection of L_1 and L_2 . Let O = (0, 0, 0) , and \hat{n} denote a unit normal vector to the plane containing both the lines L_1 and L_2 . Match each entry in List-I to the correct entries in List-II . List – I List – II (P) \gamma equals (1) -\hat{i} - \hat{j} + \hat{k} (Q) A possible choice for \hat{n} is (2) \sqrt{\frac{3}{2}} (R) \overline{OR_1} equals (3) 1 (S) A possible value of \overline{OR_1} \cdot \hat{n} is (4) \frac{1}{\sqrt{6}}\hat{i} - \frac{2}{\sqrt{6}}\hat{j} + \frac{1}{\sqrt{6}}\hat{k} (5) \sqrt{\frac{2}{3}} The correct option is: (A) (P) \rightarrow (3) (Q) \rightarrow (4) (R) \rightarrow (1) (S) \rightarrow (2) (B) (P) \rightarrow (5) (Q) \rightarrow (4) (R) \rightarrow (1) (S) \rightarrow (2) (C) (P) \rightarrow (3) (Q) \rightarrow (4) (R) \rightarrow (1) (S) \rightarrow (5) (D) (P) \rightarrow (3) (Q) \rightarrow (1) (R) \rightarrow (4) (S) \rightarrow (5)",C
demo_ocr_output.parquet,2024_maths_1.pdf,"Q.17 Let f : \mathbb{R} \rightarrow \mathbb{R} and g : \mathbb{R} \rightarrow \mathbb{R} be functions defined by f(x) = \begin{cases} x|x|\sin\left(\frac{1}{x}\right), & x \neq 0, \\ 0, & x = 0, \end{cases} \quad \text{and} \quad g(x) = \begin{cases} 1 - 2x, & 0 \leq x \leq \frac{1}{2}, \\ 0, & \text{otherwise.} \end{cases} Let a, b, c, d \in \mathbb{R} . Define the function h : \mathbb{R} \rightarrow \mathbb{R} by h(x) = af(x) + b\left(g(x) + g\left(\frac{1}{2} - x\right)\right) + c(x - g(x)) + d g(x), x \in \mathbb{R} Match each entry in List-I to the correct entries in List-II . List – I List – II (P) If a = 0, b = 1, c = 0 and d = 0 , then (1) h is one-one. (Q) If a = 1, b = 0, c = 0 and d = 0 , then (2) h is onto. (R) If a = 0, b = 0, c = 1 and d = 0 , then (3) h is differentiable on \mathbb{R} . (S) If a = 0, b = 0, c = 0 and d = 1 , then (4) the range of h is [0, 1] . (5) the range of h is \{0, 1\} . The correct option is: (A) (P) \rightarrow (4) (Q) \rightarrow (3) (R) \rightarrow (1) (S) \rightarrow (2) (B) (P) \rightarrow (5) (Q) \rightarrow (2) (R) \rightarrow (4) (S) \rightarrow (3) (C) (P) \rightarrow (5) (Q) \rightarrow (3) (R) \rightarrow (2) (S) \rightarrow (4) (D) (P) \rightarrow (4) (Q) \rightarrow (2) (R) \rightarrow (1) (S) \rightarrow (3)",C
demo_ocr_output.parquet,2008_maths_1.pdf,"1. Consider the two curves $C_1 : y^2 = 4x$  $C_2 : x^2 + y^2 - 6x + 1 = 0$ Then,
(A) $C_1$ and $C_2$ touch each other only at one point
(B) $C_1$ and $C_2$ touch each other exactly at two points
(C) $C_1$ and $C_2$ intersect (but do not touch) at exactly two points
(D) $C_1$ and $C_2$ neither intersect nor touch each other",(A) (B) (C) (D)
demo_ocr_output.parquet,2008_maths_1.pdf,"2. If $0 < x < 1$, then \frac{\sqrt{1+x^2} \left[ \{x \cos(\cot^{-1} x) + \sin(\cot^{-1} x)\}^2 - 1 \right]^{\frac{1}{2}}}{x}
(A) \frac{x}{\sqrt{1+x^2}}
(B) x
(C) x\sqrt{1+x^2}
(D) \sqrt{1+x^2}",(A) (B) (C) (D)
demo_ocr_output.parquet,2008_maths_1.pdf,"3. The edges of a parallelepiped are of unit length and are parallel to non‑coplanar unit vectors $\hat{a}$ , $\hat{b}$ , $\hat{c}$ such that $\hat{a}\cdot\hat{b}=\hat{b}\cdot\hat{c}=\hat{c}\cdot\hat{a}=\frac{1}{2}$ Then, the volume of the parallelepiped is
(A) \frac{1}{\sqrt{2}}
(B) \frac{1}{2\sqrt{2}}
(C) \frac{\sqrt{3}}{2}
(D) \frac{1}{\sqrt{3}}",(A) (B) (C) (D)
demo_ocr_output.parquet,2008_maths_1.pdf,"4. Let $a$ and $b$ be non‑zero real numbers. Then, the equation $(ax^2 + by^2 + c)(x^2 - 5xy + 6y^2) = 0$ represents
(A) four straight lines, when $c = 0$ and $a, b$ are of the same sign
(B) two straight lines and a circle, when $a = b$, and $c$ is of sign opposite to that of $a$
(C) two straight lines and a hyperbola, when $a$ and $b$ are of the same sign and $c$ is of sign opposite to that of $a$
(D) a circle and an ellipse, when $a$ and $b$ are of the same sign and $c$ is of sign opposite to that of $a$",(A) (B) (C) (D)
demo_ocr_output.parquet,2008_maths_1.pdf,"5. Let $g(x) = \frac{(x-1)^n}{\log \cos^m (x-1)};\; 0 < x < 2,\; m \text{ and } n \text{ are integers, } m \neq 0,\; n > 0,\;\text{and let } p \text{ be the left hand derivative of }|x-1|\text{ at }x=1 . If $\lim_{x \rightarrow 1^+} g(x) = p$, then
(A) $n=1 , m=1$
(B) $n=1 , m=-1$
(C) $n=2 , m=2$
(D) $n>2 , m=n$",(A) (B) (C) (D)
demo_ocr_output.parquet,2008_maths_1.pdf,"6. The total number of local maxima and local minima of the function
$$f(x)=\begin{cases}(2+x)^3,&-3<x\le -1\\ x^{2/3},&-1<x<2\end{cases}$$
is
(A) 0
(B) 1
(C) 2
(D) 3",(A) (B) (C) (D)
demo_ocr_output.parquet,2008_maths_1.pdf,"7. A straight line through the vertex $P$ of a triangle $PQR$ intersects the side $QR$ at the point $S$ and the circumcircle of the triangle $PQR$ at the point $T$. If $S$ is not the centre of the circumcircle, then
(A) \frac{1}{PS} + \frac{1}{ST} < \frac{2}{\sqrt{QS \times SR}}
(B) \frac{1}{PS} + \frac{1}{ST} > \frac{2}{\sqrt{QS \times SR}}
(C) \frac{1}{PS} + \frac{1}{ST} < \frac{4}{QR}
(D) \frac{1}{PS} + \frac{1}{ST} > \frac{4}{QR}",(A) (B) (C) (D)
demo_ocr_output.parquet,2008_maths_1.pdf,"8. Let $P(x_1, y_1)$ and $Q(x_2, y_2)$, $y_1 < 0$, $y_2 < 0$, be the end points of the latus rectum of the ellipse $x^2 + 4y^2 = 4$. The equations of parabolas with latus rectum $PQ$ are
(A) $x^2 + 2\sqrt{3}y = 3 + \sqrt{3}$
(B) $x^2 - 2\sqrt{3}y = 3 + \sqrt{3}$
(C) $x^2 + 2\sqrt{3}y = 3 - \sqrt{3}$
(D) $x^2 - 2\sqrt{3}y = 3 - \sqrt{3}$","B, C"
demo_ocr_output.parquet,2008_maths_1.pdf,"9. Let $S_n = \sum_{k=1}^n \frac{n}{n^2 + kn + k^2}$ and $T_n = \sum_{k=0}^{n-1} \frac{n}{n^2 + kn + k^2}$, for $n = 1, 2, 3, \dots$. Then,
(A) $S_n < \frac{\pi}{3\sqrt{3}}$
(B) $S_n > \frac{\pi}{3\sqrt{3}}$
(C) $T_n < \frac{\pi}{3\sqrt{3}}$
(D) $T_n > \frac{\pi}{3\sqrt{3}}$","A, D"
demo_ocr_output.parquet,2008_maths_1.pdf,"10. Let $f(x)$ be a non‑constant twice differentiable function defined on $(-\infty, \infty)$ such that $f(x) = f(1-x)$ and $f'(\frac{1}{4}) = 0$. Then,
(A) $f''(x)$ vanishes at least twice on $[0, 1]$
(B) $f'(\frac{1}{2}) = 0$
(C) $\int_{-1/2}^{1/2} f\left(x + \frac{1}{2}\right) \sin x \, dx = 0$
(D) $\int_0^{1/2} f(t) e^{\sin \pi t} \, dt = \int_{1/2}^1 f(1-t) e^{\sin \pi t} \, dt$","A, B, C, D"
demo_ocr_output.parquet,2008_maths_1.pdf,"11. Let $f$ and $g$ be real valued functions defined on interval $(-1, 1)$ such that $g''(x)$ is continuous, $g(0) \neq 0$, $g'(0) = 0$, $g''(0) \neq 0$, and $f(x) = g(x) \sin x$.
STATEMENT‑1: $\lim_{x \rightarrow 0} [g(x)\cot x - g(0)\operatorname{cosec} x] = f''(0)$.
STATEMENT‑2: $f'(0) = g(0)$.
(A) STATEMENT‑1 is True, STATEMENT‑2 is True; STATEMENT‑2 is a correct explanation for STATEMENT‑1
(B) STATEMENT‑1 is True, STATEMENT‑2 is True; STATEMENT‑2 is NOT a correct explanation for STATEMENT‑1
(C) STATEMENT‑1 is True, STATEMENT‑2 is False
(D) STATEMENT‑1 is False, STATEMENT‑2 is True",(A) (B) (C) (D)
demo_ocr_output.parquet,2008_maths_1.pdf,"12. Consider three planes
$P_1 : x - y + z = 1$
$P_2 : x + y - z = -1$
$P_3 : x - 3y + 3z = 2$.
Let $L_1, L_2, L_3$ be the lines of intersection of the planes $P_2$ and $P_3$, $P_3$ and $P_1$, and $P_1$ and $P_2$, respectively.
STATEMENT‑1: At least two of the lines $L_1, L_2$ and $L_3$ are non‑parallel.
STATEMENT‑2: The three planes do not have a common point.
(A) STATEMENT‑1 is True, STATEMENT‑2 is True; STATEMENT‑2 is a correct explanation for STATEMENT‑1
(B) STATEMENT‑1 is True, STATEMENT‑2 is True; STATEMENT‑2 is NOT a correct explanation for STATEMENT‑1
(C) STATEMENT‑1 is True, STATEMENT‑2 is False
(D) STATEMENT‑1 is False, STATEMENT‑2 is True",(A) (B) (C) (D)
demo_ocr_output.parquet,2008_maths_1.pdf,"13. Consider the system of equations
\begin{aligned}
x - 2y + 3z &= -1 \\
-x + y - 2z &= k \\
x - 3y + 4z &= 1.
\end{aligned}
STATEMENT‑1 : The system of equations has no solution for $k \neq 3$.
STATEMENT‑2 : The determinant
\begin{vmatrix}
1 & -3 & -1 \\
-1 & -2 & k \\
1 & 4 & 1
\end{vmatrix} \neq 0 , for $k \neq 3$.
(A) STATEMENT‑1 is True, STATEMENT‑2 is True; STATEMENT‑2 is a correct explanation for STATEMENT‑1
(B) STATEMENT‑1 is True, STATEMENT‑2 is True; STATEMENT‑2 is NOT a correct explanation for STATEMENT‑1
(C) STATEMENT‑1 is True, STATEMENT‑2 is False
(D) STATEMENT‑1 is False, STATEMENT‑2 is True",(A) (B) (C) (D)
demo_ocr_output.parquet,2008_maths_1.pdf,"14. Consider the system of equations $ax + by = 0$, $cx + dy = 0$, where $a, b, c, d \in \{0, 1\}$.
STATEMENT‑1 : The probability that the system of equations has a unique solution is $\frac{3}{8}$.
STATEMENT‑2 : The probability that the system of equations has a solution is $1$.
(A) STATEMENT‑1 is True, STATEMENT‑2 is True; STATEMENT‑2 is a correct explanation for STATEMENT‑1
(B) STATEMENT‑1 is True, STATEMENT‑2 is True; STATEMENT‑2 is NOT a correct explanation for STATEMENT‑1
(C) STATEMENT‑1 is True, STATEMENT‑2 is False
(D) STATEMENT‑1 is False, STATEMENT‑2 is True",(A) (B) (C) (D)
demo_ocr_output.parquet,2008_maths_1.pdf,"15. Paragraph for Questions 15‑17:
A circle $C$ of radius $1$ is inscribed in an equilateral triangle $PQR$. The points of contact of $C$ with the sides $PQ$, $QR$, $RP$ are $D$, $E$, $F$, respectively. The line $PQ$ is given by the equation $\sqrt{3}x + y - 6 = 0$ and the point $D$ is $(\frac{3\sqrt{3}}{2}, \frac{3}{2})$. Further, it is given that the origin and the centre of $C$ are on the same side of the line $PQ$.
15. The equation of circle $C$ is
(A) $(x - 2\sqrt{3})^2 + (y - 1)^2 = 1$
(B) $(x - 2\sqrt{3})^2 + (y + \frac{1}{2})^2 = 1$
(C) $(x - \sqrt{3})^2 + (y + 1)^2 = 1$
(D) $(x - \sqrt{3})^2 + (y - 1)^2 = 1$",(A) (B) (C) (D)
demo_ocr_output.parquet,2008_maths_1.pdf,"16. Points $E$ and $F$ are given by
(A) $(\frac{\sqrt{3}}{2}, \frac{3}{2}), (\sqrt{3}, 0)$
(B) $(\frac{\sqrt{3}}{2}, \frac{1}{2}), (\sqrt{3}, 0)$
(C) $(\frac{\sqrt{3}}{2}, \frac{3}{2}), (\frac{\sqrt{3}}{2}, \frac{1}{2})$
(D) $(\frac{3}{2}, \frac{\sqrt{3}}{2}), (\frac{\sqrt{3}}{2}, \frac{1}{2})$",(A) (B) (C) (D)
demo_ocr_output.parquet,2008_maths_1.pdf,"17. Equations of the sides $QR$, $RP$ are
(A) $y = \frac{2}{\sqrt{3}}x + 1,\; y = -\frac{2}{\sqrt{3}}x - 1$
(B) $y = \frac{1}{\sqrt{3}}x,\; y = 0$
(C) $y = \frac{\sqrt{3}}{2}x + 1,\; y = -\frac{\sqrt{3}}{2}x - 1$
(D) $y = \sqrt{3}x,\; y = 0$",(A) (B) (C) (D)
demo_ocr_output.parquet,2008_maths_1.pdf,"18. Paragraph for Questions 18‑20:
Consider the functions defined implicitly by the equation $y^3 - 3y + x = 0$ on various intervals in the real line. If $x \in (-\infty, -2) \cup (2, \infty)$, the equation implicitly defines a unique real‑valued differentiable function $y = f(x)$. If $x \in (-2, 2)$, the equation implicitly defines a unique real‑valued differentiable function $y = g(x)$ satisfying $g(0) = 0$.
18. If $f(-10\sqrt{2}) = 2\sqrt{2}$, then $f''(-10\sqrt{2}) =
(A) \frac{4\sqrt{2}}{7^3 3^2}
(B) -\frac{4\sqrt{2}}{7^3 3^2}
(C) \frac{4\sqrt{2}}{7^3 3}
(D) -\frac{4\sqrt{2}}{7^3 3}$",(A) (B) (C) (D)
demo_ocr_output.parquet,2008_maths_1.pdf,"19. The area of the region bounded by the curve $y = f(x)$, the $x$‑axis, and the lines $x = a$ and $x = b$, where $-\infty < a < b < -2$, is
(A) $\int_a^b \frac{x}{3\left((f(x))^2 - 1\right)} dx + bf(b) - af(a)$
(B) $-\int_a^b \frac{x}{3\left((f(x))^2 - 1\right)} dx + bf(b) - af(a)$
(C) $\int_a^b \frac{x}{3\left((f(x))^2 - 1\right)} dx - bf(b) + af(a)$
(D) $-\int_a^b \frac{x}{3\left((f(x))^2 - 1\right)} dx - bf(b) + af(a)$",(A) (B) (C) (D)
demo_ocr_output.parquet,2008_maths_1.pdf,"20. $\int_{-1}^1 g'(x) dx =
(A) 2g(-1)
(B) 0
(C) -2g(1)
(D) 2g(1)$",(A) (B) (C) (D)
demo_ocr_output.parquet,2008_maths_1.pdf,"21. Let $A , B , C$ be three sets of complex numbers as defined below
$A = \{z : \operatorname{Im} z \geq 1\}$
$B = \{z : |z - 2 - i| = 3\}$
$C = \{z : \operatorname{Re}((1 - i)z) = \sqrt{2}\}$.
The number of elements in the set $A \cap B \cap C$ is
(A) 0
(B) 1
(C) 2
(D) \infty",(A) (B) (C) (D)
demo_ocr_output.parquet,2008_maths_1.pdf,"22. Let $z$ be any point in $A \cap B \cap C$. Then, $|z + 1 - i|^2 + |z - 5 - i|^2$ lies between
(A) 25 and 29
(B) 30 and 34
(C) 35 and 39
(D) 40 and 44",(A) (B) (C) (D)
